tweet,date,user_location,id,link
"Acaba de publicar una foto en Sincelejo, Sucre https://t.co/NXtmvBHF4E",2022-10-08 21:12:31+00:00,Periodista,1578855883882123264,https://twitter.com/i/web/status/1578855883882123264
"CEREVIDI FUE ESCUCHADO.

el centro de rehabilitaci√≥n de vida diferente en el municipio de Sincelejo en el departamento de Sucre fue escuchada por el @ICBFColombia y el gobernador @hectorolimpo, ""todo se puede si no los proponemos, est√° pelea no acaba aqu√≠""
Gracias @EstebanKle  üôè https://t.co/6Vp0VuUug6",2022-10-08 20:53:40+00:00,"Monter√≠a, Colombiaüìç",1578851140057575424,https://twitter.com/i/web/status/1578851140057575424
T√∫ me puedes gustar mucho pero yo pa' Sincelejo no voy.ü´£ü´£ü´£üòÇ,2022-10-08 20:14:01+00:00,"Momp√≥s, Colombia",1578841165478055937,https://twitter.com/i/web/status/1578841165478055937
Acabo de ver Veolia continua trabajos de reparaci√≥n de fuga de agua en el centro de Sincelejo - Haga clic ver tambi√©n ‚òõ  https://t.co/RTfNhOWlhy v√≠a @franjanoticias,2022-10-08 19:35:34+00:00,"Sincelejo, Colombia",1578831485578059776,https://twitter.com/i/web/status/1578831485578059776
"Contin√∫an los trabajos de reparaci√≥n total de la fuga de 20 pulgadas en la calle 25 con carrera 17 centro de Sincelejo. Ya se control√≥ y para la reparaci√≥n total est√° interrumpido el servicio en varios  sectores de las zonas 2, 3 y 5: que est√°n siendo abastecidos con carrotanques https://t.co/I1IUHxDgOf",2022-10-08 19:11:15+00:00,Sincelejo- Sucre,1578825365807845376,https://twitter.com/i/web/status/1578825365807845376
"A esta hora con un clima delicioso en Sincelejo y pensando que Dios proteja a los habitantes de la Guajira y San Andr√©s y Providencia, lo mejor que podemos hacer por ellos es orar y pedirle a Dios que tenga misericordia de todos los posibles afectados.

https://t.co/80qWoLvGTJ",2022-10-08 19:06:15+00:00,,1578824111136337920,https://twitter.com/i/web/status/1578824111136337920
"Tal cual, as√≠ es como esta Sincelejo https://t.co/Vj9jqDPQQ5",2022-10-08 19:03:02+00:00,"Sincelejo, Colombia",1578823301786632192,https://twitter.com/i/web/status/1578823301786632192
@CABUSTAMANTEF Si se√±or as√≠ es no reclamos somos conforme por es que sincelejo no progresa aqu√≠ Sincelejo son conformista??????,2022-10-08 18:19:47+00:00,,1578812417488084992,https://twitter.com/i/web/status/1578812417488084992
@CarlosPaterC Ser√≠a bueno que sincelejo dependiera de Monter√≠a c√≥mo cercan√≠a a este departamento de C√≥rdoba fuera sincelejo C√≥rdoba como les parece?????,2022-10-08 17:53:17+00:00,,1578805745055064064,https://twitter.com/i/web/status/1578805745055064064
üì≥ #Programaci√≥n oficial 37 Encuentro Nacional de #Bandas en #Sincelejo - Del 2 al 6 de noviembre de 2022 https://t.co/WN327IRuAh,2022-10-08 17:47:13+00:00,"Sincelejo, Colombia",1578804219494428672,https://twitter.com/i/web/status/1578804219494428672
"Hoy estuve en la sesi√≥n del Concejo de Sincelejo, hice √©nfasis sobre la omisi√≥n de algunos cabildantes que, aunque llevan varios periodos en esta corporaci√≥n, no han ejercido el debido control pol√≠tico en materia de seguridad, video en el link https://t.co/LIlRqoG55a https://t.co/0m0zJ3kHKW",2022-10-08 17:10:11+00:00,"Sincelejo, Colombia",1578794900233285632,https://twitter.com/i/web/status/1578794900233285632
@PorLaVidaDigna @petrogustavo @DNP_Colombia @velascoluisf Porque sincelejo no aparece en ese listado?????,2022-10-08 16:45:48+00:00,,1578788764063006720,https://twitter.com/i/web/status/1578788764063006720
@Korraleja Que tal que venga los motocarro ser√° peor pobre Sincelejo c√≥mo ese es el forti Delos pol√≠ticos para sus campa√±as y  los motaxista??????,2022-10-08 16:22:35+00:00,,1578782922227736581,https://twitter.com/i/web/status/1578782922227736581
@poIiacriIamide Jajajajajaja la brincona anda por Sincelejo hoy con el registrador Vega. Haciendo show con la c√©dula digital.,2022-10-08 16:16:27+00:00,"Sincelejo, Colombia",1578781379332304898,https://twitter.com/i/web/status/1578781379332304898
@Korraleja Se√±ores aqui se trata de servicio urbano y no de motocarro la ideal para Sincelejo es el servicio urbano no en atraso??????,2022-10-08 15:32:34+00:00,,1578770333490098176,https://twitter.com/i/web/status/1578770333490098176
"Mi hija IsabelMaria puede llevar 6 a√±os viviendo en sincelejo, pero ese swing cartagenero no lo pierde, esa sacudida de pelo y lo que le gusta la champeta la identificanüíÉ
Ella dice que es cartagenera de nacimiento y sincelejana de ‚ù§ https://t.co/V9biR0rmH5",2022-10-08 15:28:03+00:00,"Sincelejo, Colombia",1578769197454483457,https://twitter.com/i/web/status/1578769197454483457
@_AnuarAlvarez Es que la gente de Sincelejo no toda es como t√∫ o tu familia ...creeo que por eso lo dices..?,2022-10-08 15:17:56+00:00,sincelejo (sucre),1578766653201862656,https://twitter.com/i/web/status/1578766653201862656
"üì¢ iATENCI√ìN! #NACIONAL 

Borracho estrell√≥ camioneta en Sincelejo

#ChicaNoticias #M√°sContenidos #NuevosProgramas https://t.co/OXt7PwCc6v",2022-10-08 15:04:41+00:00,"C√≥rdoba, Colombia",1578763318575390721,https://twitter.com/i/web/status/1578763318575390721
"üì≥ Cuerpo de #Bomberos rescat√≥ a dos #menores y dos #adultos tras ca√≠da de su #veh√≠culo al #abismo del sector ‚ÄúCurva de la Virgen‚Äù, zona norte de #Bucaramanga, quienes viajaban desde #Sincelejo a #Santander.

Afortunadamente las 4 personas resultaron #ilesas. https://t.co/FSvuv1UwlG",2022-10-08 14:47:36+00:00,"Sincelejo, Colombia",1578759016246747136,https://twitter.com/i/web/status/1578759016246747136
"#EsNoticia | Sincelejo fue el escenario para el inicio de los Foros Regionales Agropecuarios que tienen como objetivo escuchar a los actores que mueven la actividad agropecuaria y ofrecerles soluciones. @BancoAgrario @MinAgricultura 
https://t.co/cYRy4IjOd9",2022-10-08 14:05:00+00:00,"Monter√≠a, C√≥rdoba - Colombia",1578748296847392774,https://twitter.com/i/web/status/1578748296847392774
"NO VAS Y . 
#sincelejo #colombia #parati https://t.co/b5ixN2URTa",2022-10-08 13:55:44+00:00,"Sincelejo, Colombia",1578745965279727616,https://twitter.com/i/web/status/1578745965279727616
El guayabo hpta que debe tener el que se estrell√≥ en el centro de sincelejo üòµ‚Äçüí´ü•¥ü§Ø ay padre,2022-10-08 13:43:58+00:00,"Corozal, Colombia",1578743004390895616,https://twitter.com/i/web/status/1578743004390895616
En Sincelejo √∫ltimamente te mata un carro o un atracador ü§¶üèΩ‚Äç‚ôÇÔ∏èü§¶üèΩ‚Äç‚ôÇÔ∏èü§¶üèΩ‚Äç‚ôÇÔ∏è,2022-10-08 13:27:47+00:00,,1578738932778663936,https://twitter.com/i/web/status/1578738932778663936
"@CarlosPaterC @andresgomezmtz Est√°n liberando caja para las elecciones de 2023. No les interesa la ciudad, solo seguir atornill√°ndose para seguir desagrando a Sincelejo.",2022-10-08 13:02:40+00:00,Sincelejo,1578732612512022529,https://twitter.com/i/web/status/1578732612512022529
"üì≥ La Primera dama de la Naci√≥n, Ver√≥nica Alcocer Garc√≠a, tramit√≥ y recibi√≥ en #Sincelejo la #C√©dulaDigital, el nuevo documento de identificaci√≥n de los colombianos. https://t.co/Fl76jDFOXv",2022-10-08 12:47:04+00:00,"Sincelejo, Colombia",1578728684705353728,https://twitter.com/i/web/status/1578728684705353728
üì≥ Reportan #caravanas nocturnas de #motocicletas en distintos sectores de #Sincelejo https://t.co/hwvsFXKqPT,2022-10-08 12:24:36+00:00,"Sincelejo, Colombia",1578723029030690817,https://twitter.com/i/web/status/1578723029030690817
"Te invito a seguir hoy la transmisi√≥n del Concejo de Sincelejo, en donde tendremos un intervenci√≥n de 5 minutos.

Hora: 8:15 a.m. 

Con√©ctate: https://t.co/LGWNNaOGg8 https://t.co/0lrSv9JR91",2022-10-08 11:56:42+00:00,"Sincelejo, Colombia",1578716009602592768,https://twitter.com/i/web/status/1578716009602592768
"Sal√≠ de Monter√≠a a las 9 de la noche, y mi pap√° y mam√° me escribieron que cuando llegara a Sincelejo les avisara, jaja soy su ni√±o de 33 a√±os.",2022-10-08 05:54:32+00:00,"Corozal, Colombia",1578624869289586688,https://twitter.com/i/web/status/1578624869289586688
"Tronco de accidente loco ese del centro de Sincelejo, menos mal no hubo tragedia.",2022-10-08 05:52:28+00:00,"Corozal, Colombia",1578624345634926593,https://twitter.com/i/web/status/1578624345634926593
"#Judicial Las autoridades investigan las causas de un aparatoso accidente ocurrido pasadas las 7:00 p. m. en el Centro de #Sincelejo. 

El conductor de una camioneta se estrell√≥ contra dos carros y en su fren√©tico recorrido embisti√≥ a otros conductores y caus√≥ otros da√±os. https://t.co/B727y4fiLS",2022-10-08 04:14:38+00:00,"Sincelejo, Colombia",1578599726488104960,https://twitter.com/i/web/status/1578599726488104960
Nos fuimos de carritos chocones en sincelejo JAJAJAJA https://t.co/Z6N7uibwlL,2022-10-08 03:57:37+00:00,"Sincelejo, Colombia",1578595445064232960,https://twitter.com/i/web/status/1578595445064232960
"üì≥ Tras seguirlo a trav√©s de las #c√°maras de #video #vigilancia, patrullas de la #Polic√≠a capturaron en el barrio Villa Mady de #Sincelejo, a alias ‚ÄúCare #Caballo‚Äù, presunto #delincuente que se hab√≠a dado a la #fuga tras hurtar 1 bolso y 1 celular a una ciudadana. https://t.co/l08g4C05TF",2022-10-08 03:23:15+00:00,"Sincelejo, Colombia",1578586795347890177,https://twitter.com/i/web/status/1578586795347890177
"Ombe Sincelejo esta como rezao, todo lo que suceda da miedo.",2022-10-08 03:19:37+00:00,"Sincelejo, Colombia",1578585881258078208,https://twitter.com/i/web/status/1578585881258078208
"@PrimoECosta @cesarolse Un man solitico, al parecer piao causo un papaputun en el parque Santander en #sincelejo",2022-10-08 03:12:03+00:00,"Sincelejo, Colombia",1578583978885677056,https://twitter.com/i/web/status/1578583978885677056
@PrimoECosta @cesarolse En el centro de SINCELEJO,2022-10-08 03:10:47+00:00,"Sincelejo, Colombia",1578583659661008897,https://twitter.com/i/web/status/1578583659661008897
"Sincelejo, Sucre: fuga afecta la prestaci√≥n del servicio de agua | https://t.co/Q9tIHSoifk https://t.co/9q47gh7VX9",2022-10-08 02:56:00+00:00,"Sincelejo, Colombia",1578579937652772864,https://twitter.com/i/web/status/1578579937652772864
"Acaba de publicar una foto en Sincelejo, Sucre https://t.co/NyaVnEvnQL",2022-10-08 02:55:23+00:00,Periodista,1578579783537102849,https://twitter.com/i/web/status/1578579783537102849
¬ø Que pasa en sincelejo? Cuando no es actos de corrupci√≥n son atracadores al acecho o borracho al volante. Pobre de mi bello sincelejo https://t.co/AmXPXBEpDb,2022-10-08 02:43:39+00:00,"Sampu√©s, Colombia",1578576828440014848,https://twitter.com/i/web/status/1578576828440014848
El olor a la calle del hambre en Sincelejo tambi√©n https://t.co/GRJVpqIyWd,2022-10-08 02:36:03+00:00,"Sincelejo, Colombia",1578574917120847873,https://twitter.com/i/web/status/1578574917120847873
üì≥ #Responsable del m√∫ltiple #accidente de #tr√°nsito en el centro de #Sincelejo afirma que tuvo un problema #mental. https://t.co/GDpmACdKtB,2022-10-08 02:35:47+00:00,"Sincelejo, Colombia",1578574849190264832,https://twitter.com/i/web/status/1578574849190264832
Que miedo conducir en en sincelejo.,2022-10-08 02:33:08+00:00,,1578574183524859904,https://twitter.com/i/web/status/1578574183524859904
"üì≥ Video 2: En #c√°maras de #seguridad qued√≥ registrado m√∫ltiple #accidente de #tr√°nsito en el #centro de #Sincelejo.

Un #motociclista result√≥ #herido y fue trasladado a un centro de salud de la ciudad. https://t.co/n9DIY4DEKe",2022-10-08 02:21:31+00:00,"Sincelejo, Colombia",1578571258593042433,https://twitter.com/i/web/status/1578571258593042433
"Acaba de publicar una foto en Sincelejo, Sucre https://t.co/Cnqi0pyZ2Z",2022-10-08 02:14:39+00:00,,1578569532951732226,https://twitter.com/i/web/status/1578569532951732226
"üì≥ En #c√°maras de #seguridad qued√≥ registrado m√∫ltiple #accidente de #tr√°nsito en el #centro de #Sincelejo.

Un #motociclista result√≥ #herido y fue trasladado a un centro de salud de la ciudad. https://t.co/DRb2i1ibtI",2022-10-08 02:13:31+00:00,"Sincelejo, Colombia",1578569245956665344,https://twitter.com/i/web/status/1578569245956665344
"@Korraleja La costumbre del irrespeto por las se√±ales de tr√°nsito en #sincelejo, ya los sem√°foros est√°n es de adorno, FALTA MUCHA CULTURA.",2022-10-08 02:09:18+00:00,"Sincelejo, Colombia",1578568184042397697,https://twitter.com/i/web/status/1578568184042397697
"@JhonTurizoH Cuando gan√≥ la Alcald√≠a el se√±or Jacobo quessep usted sabe c√≥mo cuadro a los pastores que hoy tienen presencia en cada esquina de sincelejo. Eso fue la compra masiva de pastores, regalando terrenos y repartiendo plata.",2022-10-08 02:06:17+00:00,"Sincelejo, Sucre",1578567426014576640,https://twitter.com/i/web/status/1578567426014576640
@EL_CHE_009 @SucrePolicia @EduarNarvaez_M @Korraleja @JhonTurizoH @Veronicalcocerg @Difanzon @luisadragic @OresteBaracchi @MaryRodrigzz @jorge_manjarres @roberticopadron @roblesmapi_ @Yurijaneth31 @EmiLioJoseN @AlexBetinAlviz Vea as√≠ act√∫an los que se creen due√±os de sincelejo !! Malparidos ratas de mierda,2022-10-08 02:02:25+00:00,Colombia - Sincelejo - Sucre,1578566455506845696,https://twitter.com/i/web/status/1578566455506845696
"üì≥ Estrepitoso #accidente de #tr√°nsito en el centro de #Sincelejo.

Un hombre que conduc√≠a una #motocicleta result√≥ herido tras ser arrollado por un veh√≠culo tipo SUV que termin√≥ impactando un poste y bolardos.

Testigos afirman que el autom√≥vil no habr√≠a respetado el #sem√°foro. https://t.co/ryeZxUiIn9",2022-10-08 01:56:14+00:00,"Sincelejo, Colombia",1578564895339167745,https://twitter.com/i/web/status/1578564895339167745
@Ricardo40199157 @carlosbernatte Alguien me puede decir que pol√≠tico sirve en Sincelejo?,2022-10-08 00:56:53+00:00,"Sincelejo, Colombia",1578549962190700545,https://twitter.com/i/web/status/1578549962190700545
"Acaba de publicar una foto en Sincelejo, Sucre https://t.co/jDjc613YFd",2022-10-08 00:48:37+00:00,Periodista,1578547882533474304,https://twitter.com/i/web/status/1578547882533474304
Con √©l acordamos trabajar articuladamente para llevar soluciones reales a la zona rural para su desarrollo sostenible y pedimos su apoyo para avanzar en el proyecto de la terminal de transportes de #Sincelejo. https://t.co/8I6YcI5KsE,2022-10-08 00:47:35+00:00,"Sincelejo, Colombia",1578547620464586752,https://twitter.com/i/web/status/1578547620464586752
"#Hilo Entregamos la Medalla Honor al M√©rito Alcald√≠a de Sincelejo a Hernando Chica Zuccardi, actual presidente del @bancoagrario, durante el primer Foro Agropecuario Regional, por su destacada trayectoria laboral. https://t.co/qXUSP15BBB",2022-10-08 00:47:33+00:00,"Sincelejo, Colombia",1578547613032681472,https://twitter.com/i/web/status/1578547613032681472
@CDarioRodriguez Vengan a sincelejo ustedes üòî,2022-10-08 00:09:43+00:00,"Sincelejo, Colombia",1578538091148546048,https://twitter.com/i/web/status/1578538091148546048
#Judicial La detenci√≥n fue en el mismo barrio donde ocurri√≥ el crimen. https://t.co/MQlSB6a6Sm,2022-10-07 23:07:44+00:00,"Sincelejo, Colombia",1578522492792340480,https://twitter.com/i/web/status/1578522492792340480
@EdgarRafaelGa13 Mi Sincelejo üòÇ,2022-10-07 22:58:45+00:00,"Sincelejo, Colombia",1578520233341378560,https://twitter.com/i/web/status/1578520233341378560
"#Sucre Contra la covid-19, en la Plaza de Majagual. https://t.co/Q9hc7u4REr",2022-10-07 22:42:37+00:00,"Sincelejo, Colombia",1578516173318393856,https://twitter.com/i/web/status/1578516173318393856
"Que bien por los j√≥venes de Sincelejo, veo muchas personas con ganas de cambio y de que lo vamos a Lograr! üí™üèΩ",2022-10-07 21:09:33+00:00,Sincelejo-sucre,1578492752265764865,https://twitter.com/i/web/status/1578492752265764865
"üì≥ La #Se√±orita #Sucre 2022-2023 en el @reinadocolombia, Fabiana Cale√±o, fue presentada ante las autoridades en #Sincelejo. https://t.co/va15DL5Wgl",2022-10-07 21:05:13+00:00,"Sincelejo, Colombia",1578491660560134145,https://twitter.com/i/web/status/1578491660560134145
Vivir en Sincelejo es un deporte extremo.,2022-10-07 20:43:44+00:00,"Sincelejo, Colombia",1578486255360188417,https://twitter.com/i/web/status/1578486255360188417
"@Korraleja Definitivamente se necesita un cambio pero un verdadero cambio, alguien que no est√© mezclado con ning√∫n las familias tradicionales alguien que ame y quiera lo mejor para sincelejo. Despierta sincelejo",2022-10-07 20:32:45+00:00,"Sampu√©s, Colombia",1578483489820725248,https://twitter.com/i/web/status/1578483489820725248
#Programaci√≥n Oficial de las Fiestas del 20 de enero 2023 en #Sincelejo https://t.co/M0WhyvlLT0,2022-10-07 20:18:02+00:00,"Sincelejo, Colombia",1578479788293251072,https://twitter.com/i/web/status/1578479788293251072
"Los concejales de Sincelejo siguen la l√≥gica hist√≥rica no se van en contra de el alcalde porque no son reelegidos, solo 2 concejales Jader ""Pi√±a"" y Diana Arbelaez se han ido en contra, si ellos no se reeligen en las pr√≥ximas se le dar√° la raz√≥n a los que hoy tanto criticamos.",2022-10-07 20:15:15+00:00,Sincelejo ,1578479086372290560,https://twitter.com/i/web/status/1578479086372290560
üì≥ ¬øQuieres ser #candidata al #Reinado de las Fiestas del 20 de enero 2023 en #Sincelejo? https://t.co/AFyP3BWnBU,2022-10-07 19:47:12+00:00,"Sincelejo, Colombia",1578472027694182400,https://twitter.com/i/web/status/1578472027694182400
"@JAIRlNHO @Korraleja Hola, en Sincelejo noticia creo que la publicaron sus due√±os: https://t.co/LyGKW0vB41",2022-10-07 19:45:04+00:00,"Sincelejo, Colombia",1578471491124883456,https://twitter.com/i/web/status/1578471491124883456
"@JhonTurizoH @kemkstro Por Dios!! Sincelejo es la capital de un gran departamento, que tiene el nombre de uno de los pr√≥ceres patrios, c√≥mo es posible que no haya transporte p√∫blico en nuestra cuidad? que esta falta de respeto... Por favor que alguien haga algo.",2022-10-07 19:33:14+00:00,"Sincelejo, Sucre",1578468513177403392,https://twitter.com/i/web/status/1578468513177403392
"Aguanta ir a Sincelejo para ir al tal "" Los Troncos "" a ver que es lo que es",2022-10-07 19:31:47+00:00,"Monter√≠a, Colombia",1578468147921047552,https://twitter.com/i/web/status/1578468147921047552
De modo que Sincelejo no necesita un sistema de tranporte p√∫blico bien organizado sino motocarros metidos en el centro. Esas son las propuestas y soluciones de un concejal... Mira t√∫ eso.,2022-10-07 18:59:14+00:00,"Sincelejo, Colombia",1578459955857760261,https://twitter.com/i/web/status/1578459955857760261
"#Sincelejo Sali√≥ de un banco y le robaron m√°s de 9 millones entre dinero y elementos de valor.

Una mujer que llegaba a su casa, cerca al conjunto Toledo, en el barrio La Toscana, de Sincelejo,  fue intimidada https://t.co/yPn2GcKg9J https://t.co/9q33i4q84H",2022-10-07 18:44:42+00:00,Sincelejo,1578456296533417984,https://twitter.com/i/web/status/1578456296533417984
"üì≥ En la v√≠a #Corozal - #Sampu√©s, sector Bremen - La Gallera, el joven Deivis Villacob se desplazaba en #motocicleta y fue herido en el rostro con arma de fuego tras ser interceptado por 2 hombres tambi√©n en motocicleta.

La v√≠ctima fue trasladada hasta una cl√≠nica de #Sincelejo. https://t.co/FEUG5HuvJ6",2022-10-07 18:28:49+00:00,"Sincelejo, Colombia",1578452301647212544,https://twitter.com/i/web/status/1578452301647212544
"üì¢ Estamos listos para disfrutar al m√°ximo en el #Sal√≥nDeLaFamaüåü, con  @keyvincelprospecto üëë  interpretando todos sus √©xitos  üìÄ

Y por Sincelejo @pequeno_display con todos sus artistas üîä

¬°Vive una noche inolvidable con  #AgurdienteAntioque√±o üü¢ #PaLasQueSea ‚ú® https://t.co/77UrKTEVcS",2022-10-07 18:24:49+00:00,"Sincelejo, Colombia",1578451295475597312,https://twitter.com/i/web/status/1578451295475597312
"Esta viajadera pa sincelejo todos los fines de semana me tiene harta ya, quisiera teletransportarme mejor",2022-10-07 18:21:30+00:00,Monter√≠a-sincelejo,1578450461950365696,https://twitter.com/i/web/status/1578450461950365696
"Se√±ores @petrogustavo, @UNPColombia @FiscaliaCol  acabo de recibir una amenaza de muerte, me quieren callar a c√≥mo de lugar. El d√≠a de ayer solicite 5 minutos para Intervenir en la sesi√≥n del concejo de sincelejo y hoy me notifican mi participaci√≥n, pero al rato me amenazan. https://t.co/klR6fCmF6z",2022-10-07 18:20:18+00:00,"Sincelejo, Colombia",1578450158219821059,https://twitter.com/i/web/status/1578450158219821059
"üì¢ #ViernesDeAntioque√±o üü¢ 

Inicia el #FinDeSemana como a ti te gusta en @fulldrinks_sincelejo ü™© 

Goza en grande üíØ con tu combo de amigos üôã‚Äç‚ôÇÔ∏èüôãüèΩ‚Äç‚ôÄÔ∏è y por cada 5 amig@s üåü , reclama una Panchita ü•õ. #AguardienteAntioque√±o #PaLasQueSea ‚ú® https://t.co/MxOZCvV458",2022-10-07 18:17:35+00:00,"Sincelejo, Colombia",1578449473629716480,https://twitter.com/i/web/status/1578449473629716480
"Escribir, barrer, aprender, trajinar, lo que seaaaaaaaa. üí™üèΩ 

#DELACOJTA #documental #arteencolombia #cartagena #barranquilla #cartagenadeindias #monteria #sincelejo #santamarta #valledupar #riohacha #laguajira  #caribecolombiano #cultura #culturacolombiana #culturacaribe #arte https://t.co/4U6gsy0WRI",2022-10-07 18:08:55+00:00,Costa Caribe Colombiana,1578447293849575425,https://twitter.com/i/web/status/1578447293849575425
"Contamos con la mejor calidad en concreto de la regi√≥n, ¬°cont√°ctanos! en Sincelejo, Sucre https://t.co/7m7hqZAmn9",2022-10-07 17:25:46+00:00,"Sincelejo, Colombia",1578436432116555776,https://twitter.com/i/web/status/1578436432116555776
"En Sincelejo anuncian que vuelven las corralejas y la gente se emocionan. Pero les dicen que la ""ciudad"" seguir√° sin servicio de transporte p√∫blico y son pocos los dicen algo.
Que hijueputa pueblo este.",2022-10-07 17:02:16+00:00,"Sincelejo, Colombia",1578430521256079360,https://twitter.com/i/web/status/1578430521256079360
"@Ricardo40199157 mire mi amigo el salvador de sincelejo...as√≠ est√° tan degradada la clase pol√≠tica de esta ciudad, sin dolientes ... https://t.co/pi8SocqdHx",2022-10-07 16:33:33+00:00,sincelejo (sucre),1578423293639393287,https://twitter.com/i/web/status/1578423293639393287
"#Sincelejo ""Alias El Cristian"" fue capturado por los delitos de porte ilegal de armas, en concurso con hurto calificado.

Es se√±alado de cometer hurtos en el mes de abril en el barrio Villa Natalia y otros sectores de la Comuna 7 en la capital sucre√±a. https://t.co/obiOZxH9py",2022-10-07 16:29:09+00:00,Sincelejo,1578422186867425288,https://twitter.com/i/web/status/1578422186867425288
"@paopao2506 Hay ciudades igual de peque√±as en colombia y el mundo con un eficiente sistema de transporte. Y si el problema son los mototrabajadores tenemos el ejemplo de Santa Marta. El asunto vial de Sincelejo merece mucho debate , es bien profundo !",2022-10-07 16:05:32+00:00,"Sincelejo, Colombia",1578416243966517250,https://twitter.com/i/web/status/1578416243966517250
@joromero16 @EmiLioJoseN Si es as√≠ que los motaxista hac√© lo que se da la gana se puede imaginar usted??? Sincelejo necesita un dolientes que  sienta amor por sincelejo por qu√© as√≠ como vamos es el atraso total??????,2022-10-07 15:40:52+00:00,,1578410037088845825,https://twitter.com/i/web/status/1578410037088845825
"El Concejal eterno de Sincelejo Es bastante inculto, o bruto si se quiere, pero en este caso el sabe de qu√© est√° hablando.M√°s de 20 a√±os all√≠ s√≥lo le han servido para engrosar sus bolsillos a costa del caos vial. A ellos no les conviene que tengamos un SITP organizado. https://t.co/htQ46AjhIY",2022-10-07 15:07:58+00:00,"Sincelejo, Colombia",1578401756551282689,https://twitter.com/i/web/status/1578401756551282689
"Un concejal de Sincelejo, que lleva desde 1997 en esa curul, acaba de decir en plena sesi√≥n:‚Äúlo del transporte p√∫blico se soluciona contratando 300 Motocarros para que presten ese servicio.Que la ciudad se olvide de SETP, eso no sirve.‚Äù
Sincelejo no est√° peor, porque no se puede.",2022-10-07 14:57:38+00:00,"Sincelejo, Colombia",1578399156678311937,https://twitter.com/i/web/status/1578399156678311937
"En hora buena, se le destinaron 2 drones al municipio de Sincelejo para combatir la delincuencia com√∫n y Organizada, la idea es que por lo menos exista 1 dron por comuna, es un avance significativo para la seguridad en la capital Sucre√±a.",2022-10-07 14:25:29+00:00,"Sincelejo, Colombia",1578391066474156035,https://twitter.com/i/web/status/1578391066474156035
"Acaba de publicar una foto en Sincelejo, Sucre https://t.co/3ZNMbMEI5G",2022-10-07 14:03:32+00:00,Periodista,1578385540172447746,https://twitter.com/i/web/status/1578385540172447746
"Despierto todos los d√≠as y lo √∫nico que veo son Twitter de Sincelejo, ombe me va tocar ir..",2022-10-07 13:02:57+00:00,"Cesar, Colombia",1578370295596863494,https://twitter.com/i/web/status/1578370295596863494
"Lo peor del cuento, de los 300 motocarros que un concejal quiere para Sincelejo, es que el mensaje le llegue como salvaci√≥n a un grupo de gente que toda la vida ha comido cuento, pero meten Miles de votos que ayudan a ese concejal a elegirse. Ese es el problema",2022-10-07 12:53:54+00:00,"Sincelejo, Colombia",1578368017099939840,https://twitter.com/i/web/status/1578368017099939840
Ayer se evidenci√≥ que #Sincelejo tiene l√≠deres de opini√≥n y otros abortos de sapos que defienden al alcalde por tener inter√©s directo o indirecto. Mendigan migajas que caen de la mesa para sus generaciones.,2022-10-07 12:53:54+00:00,Sincelejo Colombia,1578368017058000896,https://twitter.com/i/web/status/1578368017058000896
"üì≥ La Alcald√≠a de Sincelejo entreg√≥ 13 #motocicletas y 13 #bicicletas a la #Polic√≠a Nacional, y un #cami√≥n NQR de 6 toneladas a la #Armada Nacional, para fortalecer la #seguridad en la capital sucre√±a https://t.co/1Lmsn6bjBQ",2022-10-07 12:37:00+00:00,"Sincelejo, Colombia",1578363762309857280,https://twitter.com/i/web/status/1578363762309857280
"Art. 6. Autorizar la construcci√≥n del parque Motocarro a cargo del FOMVAS.

Art. 7. Cr√©ese el RUOMO - Registro √önico de Operadores de MotoCarros y condici√≥nese el ingreso a 20 votos.  

Art. 8. Comun√≠quese y c√∫mplase.

Concejo de Sincelejo ""hundimos la ciudad""",2022-10-07 11:50:22+00:00,Sincelejo,1578352026940895234,https://twitter.com/i/web/status/1578352026940895234
"""Proyecto de acuerdo por medio del cu√°l se declara el MotoCarro como veh√≠culo oficial de Sincelejo y se dictan otras disposiciones""

Art. 1. El motocarro ser√° el veh√≠culo oficial en todo el municipio.

Art. 2. Entidades p√∫blicas y descentralizadas solo podr√°n comprar MotoCarros.",2022-10-07 11:50:21+00:00,Sincelejo,1578352022125875200,https://twitter.com/i/web/status/1578352022125875200
"Buen D√≠a en Sincelejo, Sucre https://t.co/62QFAUoHlS",2022-10-07 11:29:16+00:00,"Sincelejo, Sucre",1578346717560410117,https://twitter.com/i/web/status/1578346717560410117
"@thaliperez Todo el departamento de Sucre y principalmente su capital, est√° en un estado de coma hace mucho tiempo...gracias a esta clase pol√≠tica que ha gobernado..y lo peor no se ve salvaci√≥n por ning√∫n lado..S.O.S sincelejo..qui√©n podr√° salvarnos..?",2022-10-07 08:03:55+00:00,sincelejo (sucre),1578295041499750402,https://twitter.com/i/web/status/1578295041499750402
"@Korraleja Mientras pensamos en avanzar actuamos retrocediendo, en vez de buscar la forma para que la ciudad de #Sincelejo tenga mejores infraestructura que ayude a generar crecimiento y mejor movilidad y as√≠  dise√±ar un mejor sistema de transporte y que sea amigable con el medios ambiente.",2022-10-07 05:19:25+00:00,"Sincelejo, Colombia",1578253641034735616,https://twitter.com/i/web/status/1578253641034735616
"@CarlosPaterC Excelente espacio. Para el pr√≥ximo preparar√© temas relacionados con Zona Franca de Sincelejo, y su integraci√≥n como enclave industrial y empresarial del AMS.",2022-10-07 04:53:58+00:00,Sincelejo,1578247236810866688,https://twitter.com/i/web/status/1578247236810866688
"En este space de twitter conversamos durante m√°s de tres horas sobre c√≥mo est√° Sincelejo, inseguridad y estrategia, los invitamos la pr√≥xima semana a conversar sobre el Area Metropolitana para Sincelejo, Corozal, Morroa, Sampues, Toluviejo  y como integrarnos al golfo https://t.co/wnzd6bHEJJ",2022-10-07 04:48:57+00:00,"Sincelejo, Colombia",1578245975843504128,https://twitter.com/i/web/status/1578245975843504128
"@alrulazar @INALDO18 @fonchogandara1 Sin moto-taxis, se acaba el negocio de las gr√∫as y comparendos en Sincelejo. Ojal√° aprobaran un acuerdo legalizando los moto-carros para ver si salen del concejo v√≠a destituci√≥n.",2022-10-07 04:37:17+00:00,Sincelejo Colombia,1578243037687332865,https://twitter.com/i/web/status/1578243037687332865
"Incre√≠ble el sistema de salud en sincelejo,como que los pacientes estan super pegados en sillones y sus nombres en una hoja de papel con marcador???Que es esooo???",2022-10-07 04:33:10+00:00,"Sincelejo, Colombia",1578242002302668800,https://twitter.com/i/web/status/1578242002302668800
"Hay que estar bien ""untao' de buena mermelada"" pa decir en p√∫blico que en SinceleJo si se necesitan 300 motocarros, c√≥mo soluci√≥n al problema de transporte. Lo que tiene uno que oir en redes",2022-10-07 04:29:21+00:00,"Sincelejo, Colombia",1578241040997404673,https://twitter.com/i/web/status/1578241040997404673
"A mi me da verg√ºenza y pena ajena los discursos de los pol√≠ticos de Sincelejo, vac√≠os, faltos de coherencia, no son capaces de sostener un argumento, en esas sesiones hablan m√°s de chismes que de los problemas que tenemos en el municipio.",2022-10-07 04:07:13+00:00,sincelejo-sucre,1578235472631169024,https://twitter.com/i/web/status/1578235472631169024
"@CarlosSantizM Sincelejo no tiene una visi√≥n futura, todo nos ha conllevado a una plena inseguridad adem√°s que cuenta con muchas falencias por partes administrativas donde los mandatarios lo √∫nico que hacen es robar y el pueblo ‚Äúmama‚Äù.",2022-10-07 03:57:23+00:00,"Sincelejo, Colombia",1578232997945507840,https://twitter.com/i/web/status/1578232997945507840
